vlm,Q1_scalene_percent,Q1_isosceles_percent,Q1_equilateral_percent,Q2_acute_percent,Q2_obtuse_percent,Q2_right_percent
gemini_2.5_pro,99.609375,2.8846153846153846,0.0,78.28947368421053,88.28125,0.0
gemini_2.5_flash,98.828125,1.9230769230769231,0.0,72.36842105263158,80.46875,5.833333333333333
openai_gpt_5,99.609375,0.9615384615384616,0.0,92.10526315789474,3.90625,1.6666666666666667
qwen_2.5_32b,100.0,0.0,0.0,100.0,0.0,0.0
AVERAGE,99.51171875,1.4423076923076923,0.0,85.69078947368422,43.1640625,1.875
