vlm,acc_3d_percent,acc_2d_percent
gemini_2.5_pro,75.01825305420013,80.43927614873493
gemini_2.5_flash,70.31427294403079,75.89165938354921
openai_gpt_5,61.47807022461434,60.81855045797969
qwen_2.5_32b,60.983037988505686,61.118729874645595
AVERAGE,66.94840855283775,69.56705396622735
