vlm,Q1_scalene_percent,Q1_isosceles_percent,Q1_equilateral_percent,Q2_acute_percent,Q2_obtuse_percent,Q2_right_percent
gemini_2.5_pro,99.62121212121212,3.125,0.0,78.28947368421053,88.70967741935483,0.0
gemini_2.5_flash,98.86363636363636,2.083333333333333,0.0,72.36842105263158,82.25806451612904,5.64516129032258
openai_gpt_5,99.62121212121212,1.0416666666666665,0.0,92.10526315789474,4.032258064516129,1.6129032258064515
qwen_2.5_32b,100.0,0.0,0.0,100.0,0.0,0.0
AVERAGE,99.52651515151516,1.5625,0.0,85.69078947368422,43.75,1.814516129032258
