vlm,acc_3d_percent,acc_2d_percent
gemini_2.5_pro,75.30495298094858,80.88617979352098
gemini_2.5_flash,71.58158173826968,77.13800197660436
openai_gpt_5,64.32081049539954,65.03887447183871
qwen_2.5_32b,64.6998435363684,66.21686397369463
AVERAGE,68.97679718774656,72.31998005391466
